flags,instruction,category,intent,response,instruction_es,response_es
BILM,where to notify of problems with sign-up?,ACCOUNT,registration_problems,"Glad you contacted to us regarding the problems you encountered during the sign-up process. We value your feedback and want to ensure a smooth experience for all our users. To notify us of any sign-up issues or problems, we recommend contacting our customer support team. They are available {{Customer Support Hours}} at {{Customer Support Phone Number}} or through the Live Chat on our website at {{Website URL}}. Our dedicated support agents will be more than happy to assist you and gather all the necessary information to address the problem effectively. Rest assured, we take all sign-up issues seriously and are committed to resolving them promptly. We appreciate your patience and understanding as we work towards improving our sign-up process.",¿Dónde notificar sobre problemas con el registro?,"Nos alegra que te hayas puesto en contacto con nosotros respecto a los problemas que encontraste durante el proceso de registro. Valoramos tus comentarios y queremos asegurar una experiencia fluida para todos nuestros usuarios. Para notificarnos sobre cualquier inconveniente o problema en el registro, te recomendamos que contactes a nuestro equipo de atención al cliente. Están disponibles {{Horario de Atención al Cliente}} al {{Número de Teléfono de Atención al Cliente}} o a través del Chat en Vivo en nuestro sitio web en {{URL del Sitio Web}}. Nuestros agentes de soporte dedicados estarán más que felices de asistirte y recopilar toda la información necesaria para abordar el problema de manera efectiva. Ten la seguridad de que tomamos todos los problemas de registro en serio y estamos comprometidos a resolverlos rápidamente. Agradecemos tu paciencia y comprensión mientras trabajamos para mejorar nuestro proceso de registro."
BLZ,I am tring to see the early exit penalty,CANCEL,check_cancellation_fee,"Certainly! To view the early exit penalty, you can refer to the terms and conditions section of your account agreement. It will provide you with detailed information regarding any fees or penalties associated with canceling your account before the agreed-upon term. If you need further assistance, please don't hesitate to let me know.",Estoy tratando de ver la penalización por salida anticipada.,"¡Por supuesto! Para ver la penalización por salida anticipada, podés consultar la sección de términos y condiciones de tu acuerdo de cuenta. Allí encontrarás información detallada sobre cualquier cargo o penalización relacionada con la cancelación de tu cuenta antes del plazo acordado. Si necesitás más ayuda, no dudes en decírmelo."
BL,I have to check what hours I can reach customer assistance,CONTACT,contact_customer_service,"Honored to assist! I'm clued in that you're looking to find out the operating hours for contacting our customer assistance team. Our dedicated customer assistance is available from {{Customer Support Hours}}. Please feel free to reach out during these hours, and we'll be more than happy to assist you. Let me know if there's anything else I can help you with!",Tengo que verificar en qué horarios puedo acceder a la asistencia al cliente.,"¡Es un honor ayudar! Estoy al tanto de que querés averiguar el horario de atención para contactar a nuestro equipo de asistencia al cliente. Nuestro equipo de asistencia al cliente está disponible de {{Customer Support Hours}}. No dudes en comunicarte durante esos horarios, y estaremos más que felices de ayudarte. ¡Haceme saber si hay algo más en lo que pueda asistirte!"
BILSZ,do you shp to {{Delivery City}}?,DELIVERY,delivery_options,"To the beautiful city of {{Delivery City}}, our shipments eagerly make their way! You can definitely place an order with us and have it delivered to {{Delivery City}}. We offer a range of shipping options to ensure your convenience and satisfaction. Whether you prefer standard shipping, expedited shipping, or even overnight shipping, we have you covered. So feel free to explore our products, make your selection, and prepare to embrace the excitement of receiving your order in the renowned Emerald City. Should you have any further questions or need assistance with anything else, please don't hesitate to let me know. Happy shopping and seamless deliveries await you in {{Delivery City}}!",¿Hacen envíos a {{Delivery City}}?,"¡A la hermosa ciudad de {{Delivery City}}, nuestros envíos se dirigen con entusiasmo! Definitivamente podés hacer un pedido con nosotros y recibirlo en {{Delivery City}}. Ofrecemos una variedad de opciones de envío para asegurar tu comodidad y satisfacción. Ya sea que prefieras envío estándar, envío exprés o incluso envío nocturno, tenemos todo cubierto. Así que no dudes en explorar nuestros productos, hacer tu selección y prepararte para disfrutar la emoción de recibir tu pedido en la renombrada Ciudad Esmeralda. Si tenés alguna pregunta adicional o necesitás ayuda con algo más, no dudes en decírmelo. ¡Felices compras y entregas sin inconvenientes te esperan en {{Delivery City}}!"
BILW,how do I lodge a damn consumer reclamation?,FEEDBACK,complaint,"I'm very sorry to hear that you're frustrated and need assistance with lodging a consumer reclamation. We genuinely care about resolving any issues you may have. To ensure that your complaint is properly addressed, please provide me with some additional details such as the nature of the issue, any specific individuals involved, and any supporting documentation you may have. This will help us process your complaint more efficiently. We value your feedback and look forward to assisting you further in this matter.",¿Cómo hago para presentar una maldita reclamación de consumidor?,"Lamento mucho saber que estás frustrado y necesitas ayuda para presentar una reclamación como consumidor. Nos importa de verdad resolver cualquier problema que puedas tener. Para asegurarnos de que tu queja sea tratada adecuadamente, por favor proporcioname algunos detalles adicionales, como la naturaleza del problema, cualquier persona específica involucrada y cualquier documentación de apoyo que puedas tener. Esto nos ayudará a procesar tu queja de manera más eficiente. Valoramos tu opinión y esperamos poder ayudarte más en este asunto."
BLZ,I don't know what to do to locate the involice #85632,INVOICE,check_invoice,"I pick up what you're putting down, your uncertainty about how to locate the invoice with the number #{{Invoice Number}}. Rest assured, I'm here to guide you and provide you with the necessary steps. To begin, have you checked your email inbox for any email notifications or reminders regarding the invoice? You can also try logging into your account on our website and accessing the billing or invoices section, where you should be able to find the invoice you're looking for. If you still can't locate it, I recommend reaching out to our customer support team, as they will be able to assist you further in locating the invoice. They are available {{Customer Support Hours}} at {{Customer Support Phone Number}} or through the Live Chat on our website at {{Website URL}}. Together, we will find a solution to help you locate your invoice successfully.",No sé qué hacer para localizar la factura #85632.,"Entiendo lo que estás diciendo, tu incertidumbre sobre cómo localizar la factura con el número #{{Número de Factura}}. Ten la seguridad de que estoy aquí para guiarte y proporcionarte los pasos necesarios. Para empezar, ¿has revisado tu bandeja de entrada de correo electrónico en busca de notificaciones o recordatorios sobre la factura? También podés intentar iniciar sesión en tu cuenta en nuestro sitio web y acceder a la sección de facturación o facturas, donde deberías poder encontrar la factura que estás buscando. Si aún no podés localizarla, te recomiendo que te pongas en contacto con nuestro equipo de atención al cliente, ya que ellos podrán ayudarte a encontrar la factura. Están disponibles {{Horario de Atención al Cliente}} al {{Número de Teléfono de Atención al Cliente}} o a través del Chat en Vivo en nuestro sitio web en {{URL del Sitio Web}}. Juntos, encontraremos una solución para ayudarte a localizar tu factura con éxito."
BIL,can you help me remove something from purchase {{Order Number}}?,ORDER,change_order,"We understand that you are looking for assistance in removing an item from your purchase with the order number {{Order Number}}. We apologize for any inconvenience caused. To better assist you, could you please provide us with the specific item you would like to remove? Once we have this information, we will promptly assist you in updating your purchase. Your satisfaction is our top priority, and we appreciate your patience and cooperation in resolving this matter.",¿Podés ayudarme a quitar algo de la compra {{Número de Orden}}?,"Entendemos que estás buscando ayuda para eliminar un artículo de tu compra con el número de orden {{Order Number}}. Pedimos disculpas por cualquier inconveniente causado. Para poder asistirte mejor, ¿podrías por favor indicarnos cuál es el artículo específico que te gustaría eliminar? Una vez que tengamos esta información, te ayudaremos rápidamente a actualizar tu compra. Tu satisfacción es nuestra máxima prioridad, y agradecemos tu paciencia y colaboración para resolver este asunto."
BL,help me see your allowed payment modalities,PAYMENT,check_payment_methods,"Thank you for reaching out! I'm here to provide you with all the necessary information about our allowed payment methods. Here is a comprehensive list of the payment modalities we offer:

1. Credit/Debit Card: We accept major cards like Visa, Mastercard, and American Express, ensuring a convenient and secure payment experience.
2. PayPal: A widely recognized and trusted online payment platform that guarantees a seamless transaction process.
3. Bank Transfer: You have the option to make a direct payment from your bank account, ensuring hassle-free transactions.
4. Apple Pay: An effortless payment method exclusively designed for Apple users.
5. Google Wallet: Google's payment system that allows for quick and easy checkouts.

We aim to provide you with a diverse range of payment options to suit your preferences. If you have any further questions or need assistance with any of these payment methods, please feel free to let me know.",ayudame a ver tus modalidades de pago permitidas.,"¡Gracias por ponerte en contacto! Estoy aquí para brindarte toda la información necesaria sobre nuestros métodos de pago permitidos. Aquí tienes una lista completa de las modalidades de pago que ofrecemos:

1. Tarjeta de Crédito/Débito: Aceptamos las principales tarjetas como Visa, Mastercard y American Express, asegurando una experiencia de pago conveniente y segura.
2. PayPal: Una plataforma de pago en línea ampliamente reconocida y confiable que garantiza un proceso de transacción sin inconvenientes.
3. Transferencia Bancaria: Tienes la opción de realizar un pago directo desde tu cuenta bancaria, asegurando transacciones sin complicaciones.
4. Apple Pay: Un método de pago sin esfuerzo diseñado exclusivamente para usuarios de Apple.
5. Google Wallet: El sistema de pago de Google que permite pagos rápidos y sencillos.

Nuestro objetivo es ofrecerte una amplia gama de opciones de pago para adaptarnos a tus preferencias. Si tienes alguna pregunta adicional o necesitas ayuda con alguno de estos métodos de pago, no dudes en decírmelo."
BL,I need to check in which cases can I ask for a reimbursement,REFUND,check_refund_policy,"Of course! I completely understand your need to familiarize yourself with the cases in which you can request a reimbursement. Allow me to shed light on this for you.

When it comes to reimbursements, there are a few common scenarios in which you may be eligible:

1. **Product/Service Defect:** If the product or service you purchased has a defect or doesn't match the description, you usually have the option to request a reimbursement.

2. **Cancellation within Grace Period:** Should you change your mind about a purchase within the specified grace period, you can typically ask for a reimbursement.

3. **Unauthorized Charges:** If you come across any charges on your account that you didn't authorize or recognize, we're here to assist you in investigating and potentially securing a reimbursement.

4. **Event Cancellation:** We understand the disappointment of having an event you've purchased tickets for be canceled. In cases where the event doesn't get rescheduled, you may be eligible for a reimbursement.

5. **Duplicate Charges:** Mistakes happen, and if you notice duplicate charges for the same item, please notify us so that we can correct the issue and potentially provide a reimbursement.

6. **Non-receipt of Goods:** If you haven't received your purchased item within the expected timeframe, you may qualify for a reimbursement.

It's important to note that each vendor or service provider might have their specific refund policies, so it's advisable to review their terms and conditions or reach out to them directly for further information. If you have any concerns regarding a specific order or need assistance with a potential reimbursement request, please provide me with the necessary details, such as the order number, and I'll be more than happy to assist you further.

Remember, our goal is to ensure your satisfaction and provide helpful guidance throughout your journey. How else may I be of assistance to you today?",Necesito verificar en qué casos puedo solicitar un reembolso.,"¡Por supuesto! Entiendo completamente tu necesidad de familiarizarte con los casos en los que podés solicitar un reembolso. Permíteme aclararte esto.

Cuando se trata de reembolsos, hay algunos escenarios comunes en los que podés ser elegible:

1. **Defecto en el Producto/Servicio:** Si el producto o servicio que compraste tiene un defecto o no coincide con la descripción, generalmente tenés la opción de solicitar un reembolso.

2. **Cancelación dentro del Período de Gracia:** Si cambiás de opinión sobre una compra dentro del período de gracia especificado, normalmente podés pedir un reembolso.

3. **Cargos No Autorizados:** Si encontrás cargos en tu cuenta que no autorizaste o no reconocés, estamos aquí para ayudarte a investigar y potencialmente asegurar un reembolso.

4. **Cancelación de Evento:** Entendemos la decepción de que un evento para el cual compraste entradas sea cancelado. En casos donde el evento no se reprograma, podés ser elegible para un reembolso.

5. **Cargos Duplicados:** Los errores ocurren, y si notás cargos duplicados por el mismo artículo, por favor avísanos para que podamos corregir el problema y potencialmente ofrecerte un reembolso.

6. **No Recepción de Bienes:** Si no has recibido el artículo que compraste dentro del plazo esperado, podés calificar para un reembolso.

Es importante tener en cuenta que cada vendedor o proveedor de servicios puede tener sus políticas de reembolso específicas, por lo que es recomendable revisar sus términos y condiciones o contactarlos directamente para obtener más información. Si tenés alguna inquietud respecto a un pedido específico o necesitás ayuda con una posible solicitud de reembolso, por favor proporcioname los detalles necesarios, como el número de pedido, y estaré más que feliz de asistirte.

Recordá, nuestro objetivo es asegurar tu satisfacción y brindarte orientación útil a lo largo de tu experiencia. ¿En qué más puedo ayudarte hoy?"
BLM,I have issues editing my address,SHIPPING,change_shipping_address,"I've taken note that you are experiencing difficulties in editing your address. To help you resolve this issue, please follow these steps:
1. Log in to your account on our website.
2. Navigate to the ""My Account"" section.
3. Click on the ""Edit Address"" button.
4. Make the necessary changes to your address.
5. Save the updated address.
If you encounter any further issues or have any questions, please don't hesitate to reach out to our customer support team for assistance.",Tengo problemas para editar mi dirección.,"He tomado nota de que estás teniendo dificultades para editar tu dirección. Para ayudarte a resolver este problema, por favor sigue estos pasos:
1. Inicia sesión en tu cuenta en nuestro sitio web.
2. Navega a la sección ""Mi Cuenta"".
3. Haz clic en el botón ""Editar Dirección"".
4. Realiza los cambios necesarios en tu dirección.
5. Guarda la dirección actualizada.
Si encuentras algún otro problema o tienes alguna pregunta, no dudes en ponerte en contacto con nuestro equipo de atención al cliente para obtener ayuda."
BLQ,i want assistance unsubscribing from the newsletter,SUBSCRIPTION,newsletter_subscription,"I've been informed that you would like assistance with unsubscribing from our newsletter. I apologize if the newsletter content no longer meets your interests. To unsubscribe, you can simply click on the ""unsubscribe"" link at the bottom of any newsletter email you receive from us. Alternatively, you can also reach out to our customer support team, and they will be more than happy to assist you in unsubscribing. Our team takes your feedback seriously and wants to ensure your newsletter preferences align with your interests. Is there anything else I can help you with?",Quiero ayuda para darme de baja del boletín.,"Me informaron que te gustaría recibir ayuda para darte de baja de nuestro boletín. Lamento si el contenido del boletín ya no se ajusta a tus intereses. Para darte de baja, simplemente podés hacer clic en el enlace de ""darse de baja"" que está al final de cualquier correo del boletín que recibas de nuestra parte. Alternativamente, también podés comunicarte con nuestro equipo de atención al cliente, y estarán más que felices de ayudarte a darte de baja. Nuestro equipo toma en serio tus comentarios y quiere asegurarse de que tus preferencias de boletín se alineen con tus intereses. ¿Hay algo más en lo que pueda ayudarte?"
BL,I want help to see order {{Order Number}} status,ORDER,track_order,"Happy to hear from you! I truly understand that you're seeking assistance to check the status of your order with the order number {{Order Number}}. To provide you with accurate and up-to-date information, I kindly request you to visit the '{{Order Status}}' section on our website. It will display the current status of your order along with any relevant updates. If you have any further questions or need additional support, please don't hesitate to ask. I'm here to ensure you have a seamless experience!",Quiero ayuda para ver el estado del pedido {{Número de Pedido}}.,"¡Me alegra saber de vos! Entiendo perfectamente que estás buscando ayuda para verificar el estado de tu pedido con el número de orden {{Order Number}}. Para brindarte información precisa y actualizada, te pido que visites la sección '{{Order Status}}' en nuestro sitio web. Allí podrás ver el estado actual de tu pedido junto con cualquier actualización relevante. Si tenés más preguntas o necesitás apoyo adicional, no dudes en preguntar. ¡Estoy aquí para asegurarme de que tengas una experiencia sin inconvenientes!"
BLMQ,i dont know what i need to do to check the withdrawal fees,CANCEL,check_cancellation_fee,"No problem! I can assist you with checking the withdrawal fees. To do so, you can refer to our terms and conditions document or reach out to our customer service team for detailed information.",No sé qué tengo que hacer para verificar las tarifas de retiro.,"¡No hay problema! Puedo ayudarte a verificar las tarifas de retiro. Para hacerlo, podés consultar nuestro documento de términos y condiciones o comunicarte con nuestro equipo de atención al cliente para obtener información detallada."
BILM,what do I have to do to report problems with online payment?,PAYMENT,payment_issue,"I've come to understand that you're encountering problems with your online payment, and I'm here to guide you through the process of reporting these issues. The first step is to reach out to our customer support team. They are available {{Customer Support Hours}} at {{Customer Support Phone Number}} or through the Live Chat on our website at {{Website URL}}. Once you have connected with our team, they will assist you in documenting the details of the problem and initiate the necessary investigations to resolve the issue. Providing them with specific information about the error you encountered, such as error codes, transaction timestamps, and any error messages received, will greatly assist in expediting the resolution process. Rest assured that our dedicated team will work diligently to address your concerns promptly and ensure a satisfactory resolution. Thank you for bringing this matter to our attention, and we appreciate your patience as we work together to resolve your online payment problem.",¿Qué tengo que hacer para reportar problemas con el pago en línea?,"He llegado a entender que estás teniendo problemas con tu pago en línea, y estoy aquí para guiarte en el proceso de reportar estos inconvenientes. El primer paso es comunicarte con nuestro equipo de atención al cliente. Están disponibles {{Customer Support Hours}} al {{Customer Support Phone Number}} o a través del chat en vivo en nuestro sitio web en {{Website URL}}. Una vez que te conectes con nuestro equipo, te ayudarán a documentar los detalles del problema e iniciarán las investigaciones necesarias para resolverlo. Proporcionarles información específica sobre el error que encontraste, como códigos de error, marcas de tiempo de la transacción y cualquier mensaje de error recibido, ayudará mucho a acelerar el proceso de resolución. Ten la seguridad de que nuestro equipo dedicado trabajará arduamente para atender tus inquietudes de manera rápida y asegurar una resolución satisfactoria. Gracias por traer este asunto a nuestra atención, y apreciamos tu paciencia mientras trabajamos juntos para resolver tu problema de pago en línea."
BIL,where can I get information about a delivery address change?,SHIPPING,change_shipping_address,"You can find information about changing your delivery address by visiting our website and navigating to the ""Help"" or ""FAQ"" section. Alternatively, you can contact our customer support team directly for assistance with changing your delivery address.",¿Dónde puedo obtener información sobre un cambio de dirección de entrega?,"Podés encontrar información sobre cómo cambiar tu dirección de entrega visitando nuestro sitio web y navegando a la sección de ""Ayuda"" o ""Preguntas Frecuentes"". Alternativamente, podés contactar directamente a nuestro equipo de atención al cliente para obtener ayuda con el cambio de tu dirección de entrega."
BELNQZ,i canot correct the order i made,ORDER,change_order,"We understand that you are having difficulty correcting the order you made. We apologize for any inconvenience this may have caused. To assist you further, could you please provide us with the order number? This will enable us to understand your situation better and find a suitable solution for you. Your satisfaction is our top priority, and we are here to help.",No puedo corregir el pedido que hice.,"Entendemos que estás teniendo dificultades para corregir el pedido que hiciste. Pedimos disculpas por cualquier inconveniente que esto haya podido causar. Para poder ayudarte mejor, ¿podrías proporcionarnos el número de pedido? Esto nos permitirá entender tu situación con más claridad y encontrar una solución adecuada para vos. Tu satisfacción es nuestra máxima prioridad, y estamos aquí para ayudar."
BLM,I don't know what I have to do to see the termination fees,CANCEL,check_cancellation_fee,"To view the termination fees, you can log in to your online account and navigate to the section on contract details. There, you should be able to find information about any applicable termination charges. If you're unable to locate this information online, I recommend reaching out to our customer service team who will be happy to assist you further.",No sé qué tengo que hacer para ver las tarifas de cancelación.,"Para ver las tarifas de cancelación, podés iniciar sesión en tu cuenta en línea y navegar a la sección de detalles del contrato. Ahí deberías poder encontrar información sobre cualquier cargo de cancelación aplicable. Si no podés localizar esta información en línea, te recomiendo que te pongas en contacto con nuestro equipo de atención al cliente, que estará encantado de ayudarte."
BLM,I want to check what shipment methods you offer,DELIVERY,delivery_options,"I'll do my best! It's great to see your interest in exploring our shipment methods. Let's break down the options we have for you:

1. Standard Shipping: This is our regular shipping option that typically takes {{Date Range}} business days to deliver. It's perfect for non-urgent shipments.

2. Expedited Shipping: If you need your package a bit quicker, our expedited shipping option is the way to go. Your items will arrive within {{Date Range}} business days.

3. Overnight Shipping: For those urgent shipments, we offer overnight shipping. This ensures that your package will be delivered the next business day.

4. In-Store Pickup: If you prefer to grab your items from one of our stores, you can choose the in-store pickup option. Just select the nearest store location during the checkout process.

I hope this helps you in deciding the best shipment method for your needs. If you have any further questions or require assistance with anything else, feel free to let me know.",Quiero verificar qué métodos de envío ofrecen.,"¡Haré lo mejor que pueda! Es genial ver tu interés en explorar nuestros métodos de envío. Vamos a desglosar las opciones que tenemos para vos:

1. Envío Estándar: Esta es nuestra opción de envío regular que generalmente tarda {{Rango de Fechas}} días hábiles en entregar. Es perfecta para envíos no urgentes.

2. Envío Acelerado: Si necesitás tu paquete un poco más rápido, nuestra opción de envío acelerado es la indicada. Tus artículos llegarán en un plazo de {{Rango de Fechas}} días hábiles.

3. Envío Overnight: Para esos envíos urgentes, ofrecemos envío overnight. Esto asegura que tu paquete se entregue al día siguiente hábil.

4. Recogida en Tienda: Si preferís recoger tus artículos en una de nuestras tiendas, podés elegir la opción de recogida en tienda. Solo tenés que seleccionar la ubicación de la tienda más cercana durante el proceso de compra.

Espero que esto te ayude a decidir el mejor método de envío para tus necesidades. Si tenés más preguntas o necesitás ayuda con algo más, no dudes en decírmelo."
BKM,check invoices from eleven months ago,INVOICE,check_invoice,"I acknowledge that you're looking to check invoices from eleven months ago. To assist you with this, could you please provide me with the specific date range for the invoices you would like to review? Once I have this information, I can guide you on how to access and view the invoices from that time period. Your satisfaction is my priority, and I'm here to help you every step of the way.",revisá las facturas de hace once meses.,"Reconozco que estás buscando revisar facturas de hace once meses. Para ayudarte con esto, ¿podrías proporcionarme el rango de fechas específico de las facturas que te gustaría revisar? Una vez que tenga esta información, puedo guiarte sobre cómo acceder y ver las facturas de ese período. Tu satisfacción es mi prioridad, y estoy aquí para ayudarte en cada paso del camino."
BKL,create platinum account for wife,ACCOUNT,create_account,"That's wonderful! I can assist you in creating a platinum account for your wife. To proceed, I will need some details. Could you kindly provide your wife's full name, email address, and a preferred username? Rest assured that we prioritize security and privacy, and all information shared will be handled with the utmost care. Once I have these details, I'll guide you step-by-step through the account creation process, ensuring a smooth and enjoyable experience for both you and your wife.",crear cuenta platinum para mi esposa,"¡Eso es maravilloso! Puedo ayudarte a crear una cuenta platinum para tu esposa. Para continuar, necesitaré algunos detalles. ¿Podrías proporcionarme el nombre completo de tu esposa, su dirección de correo electrónico y un nombre de usuario preferido? Ten la seguridad de que priorizamos la seguridad y la privacidad, y toda la información compartida será tratada con el máximo cuidado. Una vez que tenga estos detalles, te guiaré paso a paso a través del proceso de creación de la cuenta, asegurando una experiencia fluida y agradable tanto para vos como para tu esposa."
