consulta,intent_esperado,documento_top1,intent_top1,score_top1,hit_top1,hit_top_k,documentos_recuperados,latencia_recuperacion_s
¿Dónde notificar sobre problemas con el registro?,registration_problems,bitext-21341,registration_problems,0.6514077186584473,True,True,bitext-21341|bitext-21506|bitext-21626,0.016354
Estoy tratando de ver la penalización por salida anticipada.,check_cancellation_fee,bitext-03353,check_cancellation_fee,0.6112461090087891,True,True,bitext-03353|bitext-03328|bitext-03880,0.014755
Tengo que verificar en qué horarios puedo acceder a la asistencia al cliente.,contact_customer_service,bitext-08177,contact_customer_service,0.673772931098938,True,True,bitext-08177|bitext-08313|bitext-13403,0.015227
¿Hacen envíos a {{Delivery City}}?,delivery_options,bitext-13212,delivery_period,0.4473695755004883,False,True,bitext-13212|bitext-13039|bitext-12549,0.013531
¿Cómo hago para presentar una maldita reclamación de consumidor?,complaint,bitext-07010,complaint,0.5356081128120422,True,True,bitext-07010|bitext-07887|bitext-07749,0.014911
No sé qué hacer para localizar la factura #85632.,check_invoice,bitext-04140,check_invoice,0.5740122199058533,True,True,bitext-04140|bitext-03988|bitext-15626,0.014679
¿Podés ayudarme a quitar algo de la compra {{Número de Orden}}?,change_order,bitext-00237,cancel_order,0.6142516136169434,False,True,bitext-00237|bitext-01552|bitext-19398,0.015576
ayudame a ver tus modalidades de pago permitidas.,check_payment_methods,bitext-05738,check_payment_methods,0.5982754826545715,True,True,bitext-05738|bitext-05741|bitext-05729,0.014427
Necesito verificar en qué casos puedo solicitar un reembolso.,check_refund_policy,bitext-06272,check_refund_policy,0.5548153519630432,True,True,bitext-06272|bitext-15968|bitext-06780,0.014176
Tengo problemas para editar mi dirección.,change_shipping_address,bitext-02698,change_shipping_address,0.4797706604003906,True,True,bitext-02698|bitext-23095|bitext-02418,0.014004
Quiero ayuda para darme de baja del boletín.,newsletter_subscription,bitext-17071,newsletter_subscription,0.5017900466918945,True,True,bitext-17071|bitext-11603|bitext-07887,0.014447
Quiero ayuda para ver el estado del pedido {{Número de Pedido}}.,track_order,bitext-13403,delivery_period,0.47043225169181824,False,False,bitext-13403|bitext-04140|bitext-04400,0.015293
No sé qué tengo que hacer para verificar las tarifas de retiro.,check_cancellation_fee,bitext-03328,check_cancellation_fee,0.4965691566467285,True,True,bitext-03328|bitext-03880|bitext-03353,0.014476
¿Qué tengo que hacer para reportar problemas con el pago en línea?,payment_issue,bitext-18401,payment_issue,0.8041768074035645,True,True,bitext-18401|bitext-18108|bitext-18227,0.015161
¿Dónde puedo obtener información sobre un cambio de dirección de entrega?,change_shipping_address,bitext-02195,change_shipping_address,0.6415654420852661,True,True,bitext-02195|bitext-02698|bitext-02418,0.01486
No puedo corregir el pedido que hice.,change_order,bitext-00676,cancel_order,0.4124656021595001,False,False,bitext-00676|bitext-02698|bitext-00183,0.014114
No sé qué tengo que hacer para ver las tarifas de cancelación.,check_cancellation_fee,bitext-03328,check_cancellation_fee,0.564892590045929,True,True,bitext-03328|bitext-03353|bitext-00237,0.013646
Quiero verificar qué métodos de envío ofrecen.,delivery_options,bitext-12714,delivery_options,0.5708348751068115,True,True,bitext-12714|bitext-12549|bitext-12263,0.01205
revisá las facturas de hace once meses.,check_invoice,bitext-03988,check_invoice,0.39456039667129517,True,True,bitext-03988|bitext-15626|bitext-26131,0.012765
crear cuenta platinum para mi esposa,create_account,bitext-10441,create_account,0.31659162044525146,True,True,bitext-10441|bitext-16399|bitext-14309,0.013504
